Name,Price,Rating
"Artdone 12 Colors Nail Art Pens Set, 3D Quick-Drying Acrylic Paint Markers | Nail Point Graffiti Dotting Drawing Liner Brush for DIY Gel Nail Polish Design Manicure Tools","3,331.12",N/A
"12 Colors Nail Art Pens, 0.5mm Fine Tip 3D Acrylic Polish Pen Set, Waterproof Quick-Drying Dotting Graffiti Drawing Liner Brush, DIY Nail Art Design Manicure Tools for Beginners Women Home Salon","2,772.69",4.4 out of 5 stars
"12 Color Patting Nail Gel Polish Kit, Ombre Painting Gel Palette with Brush & Silicone Patting Pen & Nail Art Stickers - UV/LED Curing for Gradient Nails, Beginner Friendly DIY Manicure Set","2,775.47",4.4 out of 5 stars
JODSONE 36 PCS Gel Nail Polish Set-32 Colors Gel Polish Kit Base Coat Glossy Matte and Glitter Top Coat Nail Polish Set Green Blue Red Pink Collection Gifts for Women,"4,442.42",4.4 out of 5 stars
"Ombre Gel Polish Palette,16Colors Pat Gel Paint Nail Art Kit Sponge Patting | More fun by patting gel: ombre, gradient, blush, blooming, stamping, painting, blending colors. 100sponges 1grabber. No-wipe","2,775.47",4.6 out of 5 stars
"VANREESA 60 Pcs Gel Nail Polish Set, 55 Colors Gel Polish with Base Coat & 4 Effects Top Coat Full-Color Nail Polish Set All Seasons Nail Kit Gifts for Women Girls Nail Salon at Home","6,109.37",4.4 out of 5 stars
JODSONE Gel Nail Polish Kit 60 PCS with U V Light Soak off Base Top Coat 55 Shine Colors Gel Nail Kit Bright and Dark Brown Wine Red Series Manicure Set for Women and Girls,"6,942.85",4.4 out of 5 stars
JODSONE 36 PCS Gel Nail Polish Set-32 Colors Gel Polish Kit Base Coat Glossy Matte and Glitter Top Coat Nail Polish Set Green Blue Red Pink Collection Gifts for Women,"4,442.42",4.4 out of 5 stars
"PHOENIXY 24 PCS Gel Nail Polish Set, 21 Colors U V Gel Nail Polish Kit with Base Glossy Matte Top Coat Black Gray Red Valentine Nail Kit Gifts for Women","2,219.82",4.3 out of 5 stars
"GAOY Ombre Gel Nail Polish Kit, 9 Colors UV LED Painting Gel with Sponges, Long-lasting Soak Off Pigmented Colors, Beginner Friendly Gradient & Aura Nail Art Set for Home & Salon Use, Melted Gelato","2,775.47",4.4 out of 5 stars
Artdone Nail Art Brushes and Dotting Tools Kit for Gel Polish Liner Drawing | 11PCS Design Pens for Nail Decorations Supplies and Nail Paint Brushes Small Detail Accessories Brushes,"1,942.00",4.6 out of 5 stars
12 Waterproof Nail Art Pen set. Fast-Drying Non-Toxic 0.5mm Needle Tip Nail Polish Pens. Nail Paint Graffiti Dotting Pen for DIY Nail design,"1,930.88",5.0 out of 5 stars
"Nail Art Pens Set for Painting Nails, 12 Colors Nail Art Markers for Kids Girls Women, Quick-Dry Nail Polish Pens for Painting Nails, Dotting & Drawing Designs","1,522.48",3.4 out of 5 stars
24 Well Mini Ombre Gel Nail Polish Kit - 24 Color Travel Size Soak Off UV LED Gel Polish Set with High Pigment for Gradient & Sponge Effect - Portable DIY Manicure Art Tool,"3,886.77",4.4 out of 5 stars
JODSONE Gel Nail Polish Kit with U V Light 32 Colors Gel Polish Nail + 4 Functional Adhesive Bottles Kit Soak Off Manicure Tools Gifts for Women,"5,664.85",4.3 out of 5 stars
"ROSALIND 30pcs Gel Nail Polish Set, 26 Colors Gel Polish with 3Pcs Glossy Matte Glitter Top Coat and Base Coat All Seasons Nude Blue Red Gel Nails art Kit DIY Salon at Home","2,775.47",4.4 out of 5 stars
"OpenLive 16.5ml Dusty Rose Nail Polish Large Volume Quick Drying Light Pink Nail Polish, Fast Drying and Long Lasting Color Nail Art DIY Home Manicure Gift for Women","1,664.17",4.1 out of 5 stars
"57 Colors Patting Gel Polish Palette & Tools Kit | No Wipe Ombre Sponge Nail Paint, Multi-Use Nail Art Gel for Beginner & Professional Nail Tech, Ideal DIY Manicure Gifts","8,887.62",4.2 out of 5 stars
JODSONE 2 Bottles of Top Coat Base Coat Set No Wipe Foundation Combination Bright Surface At Home DIY Nail Salon Girl Gift,"1,664.17",4.6 out of 5 stars
"12 Colors Nail Art Pens Set, 3D Nail Polish Pens, Quick-Drying Acrylic Paint Markers, 0.7mm Dotting Painting Liner Brush for DIY Nail Design, Home & Salon Manicure Tools","2,497.65",4.4 out of 5 stars
"57 Colors Patting Gel Polish Palette & Tools Kit | No Wipe Ombre Sponge Nail Paint, Multi-Use Nail Art Gel for Beginner & Professional Nail Tech, Ideal DIY Manicure Gifts","8,998.75",4.2 out of 5 stars
"12 Colors Nail Art Pens Set, Nail Design Tools, Nail Art Pens for Painting Nails, Fingernail Paint Pens, Suitable for Adults Children, For Dotting and Drawing Painting Liner DIY","2,775.47",5.0 out of 5 stars
"GAOY White Swirl Gel Nail Polish Art Liner, 12ml Classic Color Nail Paint Design with Thin Brush, UV Light Cure for DIY French Manicure at Home","1,942.00",4.6 out of 5 stars
"12 Color Patting Nail Gel Polish Kit, Ombre Painting Gel Palette with Brush & Silicone Patting Pen & Nail Art Stickers - UV/LED Curing for Gradient Nails, Beginner Friendly DIY Manicure Set","2,775.47",4.4 out of 5 stars
"GAOY Sheer Light Pink Gel Nail Polish, 16ml Jelly Milky White Peach Translucent Color 1352 UV Light Cure Gel Polish for Nail Art DIY Manicure and Pedicure at Home","1,997.56",4.4 out of 5 stars
JODSONE 23 PCS Gel Nail Polish Set with Base Glossy and Matte Top Coat Multicolored Gel Nail Long Lasting Suitable for All Seasons,"2,497.65",4.3 out of 5 stars
SAVILAND 6pcs Ombre Nail Polish Sets: Charm Pink Blue Gold Purple Pearl Summer Fingernail Polish Colors Air Quick Dry Nail Polish Plant-base Castor Oil Natural Nail Lacquer Women Home Manicure DIY,"2,636.56",4.2 out of 5 stars
Morovan 15 Bright Color 0.27oz Air Quick Dry Long Lasting Nail Polish Gift Set for Women,"4,247.94",4.4 out of 5 stars
"24 Colors Sponge Pat Paint Nail Gel for Drawing Striper Liner Floral Painting Ombre Blush Blooming Aura Gel Polish Nail Art DIY, UV/LED Curing, No Wipe (24 Colors C)","4,720.25",4.4 out of 5 stars
OpenLive 12Pcs Rose Nail Polish Set with Base and Top Coat Burgundy Dark Wine Cherry Red Hot Pink Fingernail Polish Kit Air Quick Dry Regular Finger Nail Polish Pack for Women Gift Holiday 5ML,"2,775.47",4.2 out of 5 stars
Double Rhythm 15ML Gel Nail Polish Pure Sheer Same Color Same Bottle Gel Polish Art Manicure Salon DIY at Home for Women (Milky White-A1075),"1,942.00",4.4 out of 5 stars
"JODSONE 10pcs Nail Art Gel Liner Set,3D Nail Art Pens Effect for Fine Lines,Thin Brush Detail Polish,DIY Painted Nails at Home Salon,Liner Gel Nail Polish for Girls & Women","2,775.47",4.4 out of 5 stars
"GAOY 42 Pcs Gel Nail Polish Kit, Pink White Red Jelly Nude Colors All Seasons Gel Nail Polish Set with Glossy & Matte Top Coat and Base Coat for DIY Manicure at Home","10,276.75",4.6 out of 5 stars
"OPI GelColor LED Cure Gel Nail Polish | Nude & Brown Shades | Salon-Quality Shine, Long-Lasting Wear | Easily Soak Off Removal | Vegan & HEMA Free | 0.5 Fl Oz","6,667.80",4.5 out of 5 stars
VANREESA 148Pcs Gel Nail Polish Kit with U V Light Almond Nail Tips Nail Drill -60 All Seasons Colors Gel Polish Set with 6Pcs Base Top Coat Gel Nail Kit for Beginners with Everything Gifts for Women,"15,555.42",4.3 out of 5 stars
"Piggy Paint Nail Polish, Vegan - Unicorn Fairy (3 Colors + Nail Art Set) | Non-Toxic Polish for Little Girls, Toddlers, & Kids, Water Based Formula, Safe, Cruelty Free, Durable Finish","4,153.48",4.5 out of 5 stars
"essie Nail Polish, Glossy Shine Finish, Good As Gold, 0.46 fl. oz.",N/A,4.5 out of 5 stars
"36 Colors Nail Art Gel Paint Kit, 38PCS Polish Set With Brush for DIY Design At Home, Solid Polish for DIY, Nails Kits Gift for Women","5,553.72",4.1 out of 5 stars
"essie Salon-Quality Nail Polish, 8-Free Vegan, Deep Red Wine, Bordeaux, 0.46 fl oz",N/A,4.6 out of 5 stars
NAIL POLISH KIT with U V Lamp and Drill Starter Kit 36 Colors Gel Nail Polish Nail Art Gel Manicure Kit,"6,498.33",4.1 out of 5 stars
"Sponge Pat Paint Nail Gel, 9 Colors Ombre Nails Gradient Gel Nail Blush Blooming Aura Nails Drawing Stripper Floral Painting Nail Art, No Wipe, UV/LED Curing (9 Colors C)","2,080.91",4.4 out of 5 stars
COSCELIA 53pcs Gel Nail Polish Kit with U V light and Drill Starter Kit 35 Colors Gel Nail Polish with 5pcs Top Base Coat Nail Art Professional Gel Manicure Kits Gifts for Women Teens Girls,"8,331.97",4.3 out of 5 stars
SAVILAND 36 Colors Gel Paint Kit: Solid Nail Art Gel Polish with 15 pcs Painting Drawing Nail Brushes for DIY Nails Art Design & Manicure Home Salon Use,"8,331.97",4.3 out of 5 stars
"Essie Gel Couture Long-Lasting Nail Polish, Vegan, Clear, Shiny Top Coat, 0.46 fl oz",N/A,4.7 out of 5 stars
24 Well Mini Ombre Gel Nail Polish Kit - 24 Color Travel Size Soak Off UV LED Gel Polish Set with High Pigment for Gradient & Sponge Effect - Portable DIY Manicure Art Tool,"3,886.77",4.4 out of 5 stars
"Ombre Gel Polish Palette,12Colors Pat Gel Paint Nail Art Kit Sponge Patting | Fun by patting gel: ombre, gradient, blush,blooming,stamping, painting, blending colors. Sponges,grabber,brush,paper,stickers","2,219.82",4.4 out of 5 stars
"OpenLive 12 PCS Nail Polish Set With 10 Colour Combo, 2 PCS Base And Top Coat,Fast Drying Nail Polish For Home DIY And Beginners","2,497.65",4.3 out of 5 stars
Artdone 16 Jars Chrome Nail Powder Nail Art Fimo 1g/Jar White Pearl | Mirror Effect Silver Metallic Holographic Dip Nail Powder For Resin Craft Decoration Iridescent Aurora Mermaid Pigment,"2,772.69",4.6 out of 5 stars
"OPI Nail Lacquer Classic Nail Polish Colors | Crème, Shimmer, and Glitter Chip Resistant Nail-Polish | Fast Drying, Streak-free Formula | 0.5 Fl Oz",N/A,4.6 out of 5 stars
"Artdone 31pcs Nail Art Brushes Tools Set Dotting Tools for Gel Polish | Dust Brush,Striping Brushes for Long Lines, Drawing Pen Design supply","1,942.00",4.7 out of 5 stars
GOICC Gel Nail Art Polish Set with Thin Brush – 4 Colors White Gel Nail Polish Black Silver Glitter Liner for Nail Art Design French Tips Soak Off UV/LED 8ml,"2,775.47",4.5 out of 5 stars
Double Rhythm 6 Pcs 15 ML Gel Polish Set Same Color Same Bottle Soak Off Gel Polish Kit Nail Art Manicure Salon DIY at Home for Women (Burgundy Red Nude Pink Purple Beige-T6-3),"7,220.67",4.6 out of 5 stars
"Makartt 3D Gel Nail Art, Sculpting Gel Glue for Drawing, Molding, Sculpture, Gems and Decoration, No Wipe Clear Gel Polish for DIY Nail Designs, 15g","2,219.82",4.4 out of 5 stars
OpenLive 10ml Red Nail Polish Set 6 Colors Rose Red All Seasons Neutral Color Fast Dry Nail Polish Set for Women Salon DIY Nail Art,"1,942.00",4.2 out of 5 stars
GAOY Rose Garden Jelly Gel Nail Polish of 6 Transparent Nude Red Pink Brown Colors Sheer Gel Polish Kit for Salon Manicure and Nail Art DIY at Home,"2,775.47",4.3 out of 5 stars
"Piggy Paint Nail Polish - Non-Toxic Polish for Little Girls, Toddlers, & Kids, Water Based Formula, Safe, Cruelty Free, Vegan, & Natural, Durable Finish - Scented (4 Color Set) | Non-Toxic Polish for Little Girls, Toddlers, & Kids, Water Based Formula, Safe, Cruelty Free, Durable Finish","2,775.47",4.5 out of 5 stars
"24 Colors(12Pcs-dual) Nail Art Pens Set, 3D Nail Polish Pens Quick-Drying Acrylic Paint Markers, Dotting Liner Brush for DIY Nail Design, Home & Salon Manicure Tools, MarkerPen","2,355.96",4.4 out of 5 stars
JODSONE 60 PCS Gel Nail Polish Set with 5 Bottles of Base and Glossy Matte Top Coat Soak off Gel Nail Set Suitable for All Seasons Gifts,"4,998.07",4.4 out of 5 stars
Glamonade Top Coat Nail Polish Clear: Quick Dry Nail Polish No Chip High Shine Long Lasting Glossy Fast Air Dry Top Coat for Nail Art Manicure Salon Quality,"1,664.17",4.4 out of 5 stars
"GAOY Cushion Ombre Painting Gel Kit, 6 Colors Gradient Patting Gel Polish with Sponges and Grabber Tool, for Ombre Nails Aura Blush Blend Nail Art Home & Salon Use, Pigmented No Wipe, Cherry Blossom","2,775.47",4.6 out of 5 stars
